sentiment,avg_length
1,375.8762616035302
2,350.10231689403753
